ID;SPA;QUY
F-0001;El niño va corriendo a la chacra.;Qari warma chakraman kallpaspa rin.
F-0002;El niño está corriendo en la chacra.;Qari warma chakrapi kallpachkan.
F-0003;La mujer canta una canción.;Warmi huk takita takin.
F-0004;El perro duerme bajo la mesa.;Allqu misa uranpi puñun.
F-0005;Hoy hace mucho calor.;Kunan punchaw ancha quñi.
F-0006;Vamos al río por la tarde.;Chisipi mayuman risun.
F-0007;Mamá cocina pescado.;Mamay challwata yanun.
F-0008;El abuelo cuenta historias.;Awilu willakuykunata willan.
F-0009;Me gusta la fruta madura.;Puqusqa ruruta munani.
F-0010;El sol sale temprano.;Inti tutamanta lluqsimun.
F-0011;La lluvia moja las hojas.;Para raprakunata yakuyachin.
F-0012;Ellos caminan por la selva.;Paykuna yunkata purinku.
F-0013;El pájaro canta al amanecer.;Pisqu punchawyaptin takin.
F-0013;Tengo hambre.;Yarqachkani.